{"cameraMode":{"drawMode":0,"name":"Shaded","section":"Shading Mode"},"sceneLighting":false,"audioPlay":false,"sceneViewState":{"showFog":true,"showMaterialUpdate":false,"showSkybox":false,"showFlares":true,"showImageEffects":true,"showParticleSystems":true},"in2DMode":false,"pivot":{"x":1.2060027122497559,"y":-0.34375548362731936,"z":3.1896398067474367},"rotation":{"x":-0.20505593717098237,"y":0.42405495047569277,"z":-0.09920459985733032,"w":-0.876524031162262},"size":2.36602520942688,"orthographic":false}