{"cameraMode":{"drawMode":0,"name":"Shaded","section":"Shading Mode"},"sceneLighting":false,"audioPlay":false,"sceneViewState":{"showFog":true,"showMaterialUpdate":false,"showSkybox":false,"showFlares":true,"showImageEffects":true,"showParticleSystems":true},"in2DMode":false,"pivot":{"x":0.008524417877197266,"y":-0.02325296401977539,"z":0.025826454162597657},"rotation":{"x":-0.22082938253879548,"y":0.14768224954605103,"z":-0.03384912759065628,"w":-0.9634750485420227},"size":2.666025161743164,"orthographic":false}