{"cameraMode":{"drawMode":0,"name":"Shaded","section":"Shading Mode"},"sceneLighting":true,"audioPlay":false,"sceneViewState":{"showFog":true,"showMaterialUpdate":false,"showSkybox":true,"showFlares":true,"showImageEffects":true,"showParticleSystems":true},"in2DMode":false,"pivot":{"x":-39.61064910888672,"y":10.907815933227539,"z":20.150463104248048},"rotation":{"x":-0.017544575035572053,"y":0.9692637920379639,"z":-0.23443299531936646,"w":-0.07253794372081757},"size":18.605039596557618,"orthographic":false}