{"cameraMode":{"drawMode":0,"name":"Shaded","section":"Shading Mode"},"sceneLighting":true,"audioPlay":false,"sceneViewState":{"showFog":true,"showMaterialUpdate":false,"showSkybox":true,"showFlares":true,"showImageEffects":true,"showParticleSystems":true},"in2DMode":false,"pivot":{"x":445.382568359375,"y":145.98597717285157,"z":-156.40213012695313},"rotation":{"x":0.006288264878094196,"y":-0.08240985125303269,"z":0.0005196259007789195,"w":0.9965797066688538},"size":227.4455108642578,"orthographic":false}