{"cameraMode":{"drawMode":0,"name":"Shaded","section":"Shading Mode"},"sceneLighting":true,"audioPlay":false,"sceneViewState":{"showFog":true,"showMaterialUpdate":false,"showSkybox":true,"showFlares":true,"showImageEffects":true,"showParticleSystems":true},"in2DMode":false,"pivot":{"x":331.84759521484377,"y":184.17288208007813,"z":-139.8745880126953},"rotation":{"x":0.009296023286879063,"y":0.05396656319499016,"z":-0.0005027919542044401,"w":0.9985008835792542},"size":175.01986694335938,"orthographic":false}