{"cameraMode":{"drawMode":0,"name":"Shaded","section":"Shading Mode"},"sceneLighting":true,"audioPlay":false,"sceneViewState":{"showFog":true,"showMaterialUpdate":false,"showSkybox":true,"showFlares":true,"showImageEffects":true,"showParticleSystems":true},"in2DMode":false,"pivot":{"x":-0.32885313034057619,"y":0.757899284362793,"z":-0.5379753112792969},"rotation":{"x":-0.05246839299798012,"y":0.9469594359397888,"z":-0.20660346746444703,"w":-0.24048617482185365},"size":3.7747294902801515,"orthographic":false}